user_pk,follower_pk,follower_username,follower_count,user_threads_userpk
4529033111,72527189239,koroshshirdel621,7,63455922727
4529033111,68754757702,hanansaleh3564,74,63455922727
4529033111,72215905016,mohammad_ezz_,110,63455922727
4529033111,71711596497,rahma.abdelmageed.98,40,63455922727
4529033111,63468444233,bouzguenda_training_center,1398,63455922727
4529033111,72737689121,ha.m.za_h,26,63455922727
4529033111,70780709186,moysa_charo_fall,79,63455922727
4529033111,65351825890,moo_azhari96,18,63455922727
4529033111,72166203918,nnn1__2006,330,63455922727
4529033111,72337818187,its_me_salah235,7,63455922727
4529033111,64124107563,amroismaiel58,0,63455922727
4529033111,72013100718,mustafa_atef_____,71,63455922727
4529033111,72551517226,abdellatif6915,3,63455922727
4529033111,72549152307,k.lmshqbh,63,63455922727
4529033111,72095075948,samamajed222,0,63455922727
4529033111,72557496741,sainzcorp,12,63455922727
4529033111,72359400778,aroommazen,2,63455922727
4529033111,72735609900,homs__aladia1,0,63455922727
4529033111,72520487249,lolo.saied3,0,63455922727
4529033111,72172692067,imene_chrif,0,63455922727
4529033111,63163798706,ebrahemsharaf4,37,63455922727
4529033111,68090263483,hilalalaa6,0,63455922727
4529033111,63152023102,hn9806,90,63455922727
4529033111,72531198159,mony7384,0,63455922727
4529033111,72552060330,hadialraay,47,63455922727
4529033111,71613947997,ahmad_zange,60,63455922727
4529033111,70377584654,shady_k_ayoub,133,63455922727
4529033111,72542053137,momen_hussian,23,63455922727
4529033111,63399990150,mohamedahmedz20,23,63455922727
4529033111,72144902454,hmdshbn8835,12,63455922727
4529033111,72736064775,omarino2012,6,63455922727
4529033111,72358696842,ahalmoune,29,63455922727
4529033111,71600988223,mabrouk509,55,63455922727
4529033111,72184882383,lbstn9975,27,63455922727
4529033111,72204393523,noor.mohammed_5,14,63455922727
4529033111,64287139667,lfyd9789,11,63455922727
4529033111,63331768680,titania_2025,7,63455922727
4529033111,63460251211,jafar_al.fawair,32,63455922727
4529033111,68643235755,hana.mohammed5560,18,63455922727
4529033111,72547841642,atitaou_,16,63455922727
4529033111,71113657205,ranamahmoudharhash,8,63455922727
4529033111,68932985070,strawberry_20_9,11,63455922727
4529033111,72218048618,raed_tradingg,43,63455922727
4529033111,63428619564,mohammed_amnoun,44,63455922727
4529033111,72344474971,essi_.23,97,63455922727
4529033111,72145974897,alhkm.98,71,63455922727
4529033111,64648566512,hazemalaa181,12,63455922727
4529033111,72321152129,amer.el_hazin,2613,63455922727
4529033111,72354584193,najjaimohamedsalah,0,63455922727
