user_pk,follower_pk,follower_username,follower_count
31805920812,68037739428,_rafif1734_,0
31805920812,70726149166,arts.wh0re,123
31805920812,49174626074,ganaa.gansuhk.52,0
31805920812,60882225687,cc.jayyyy,34
31805920812,55386498420,aliquashady999,120
31805920812,70648309318,dsombk,12
31805920812,71552260018,gdkcaldwell,0
31805920812,71695960244,bird.dan1,0
31805920812,52232781595,mojito.mike21,24
31805920812,72123705667,mztashyybabyy10,0
31805920812,1952583371,bastifuuu,20
31805920812,41911727975,dlnvaaz,15
31805920812,70885859819,bennymcvay,6
31805920812,65403156625,abhisheknishad3,0
31805920812,13802590014,matulik__,79
31805920812,27537437267,_chris.arceo,48
31805920812,66891631140,canib__1n_your_basemeant,1
31805920812,61329180866,gamingleopard428,1
31805920812,44194677842,every1hatesbenn,12
31805920812,59602986409,ruin_pop,16
31805920812,71485223709,moha_med.2332009,1
31805920812,54971006231,lil_tj20007,16
31805920812,3438149810,moskri_,15
31805920812,19541034751,ihyjio_juan,42
31805920812,59589774495,rajibkrmakar,14
31805920812,72112403375,rostas_vasile_ionut,0
31805920812,14687279054,tired_oftwan,12
31805920812,44967201736,bendylane2,24
31805920812,2870345985,markelzur.p,74
31805920812,71732701229,khloe.slggg,19
31805920812,63393698738,aiman.irfaan,1
31805920812,437981182,iss.jas,13
31805920812,72272251536,fastech_networks,0
31805920812,12061848388,davluna_,69
31805920812,22228348,v_delsid90,69
31805920812,60205809052,n.ix41,5
31805920812,69450719649,water_dragon_flame2324,0
31805920812,1511055437,guntis.u,19
31805920812,6428671348,jangra3097,103
31805920812,72137187185,grace.maze12,7
31805920812,4622124902,leon_dckm,3
31805920812,70524099700,ha_rika8307,68
31805920812,44929655228,andres_hernandez_14k,78
31805920812,44985654893,sm_michael_,67
31805920812,5998539604,a5th_afif,10
31805920812,5979530399,karmaistleben,143
31805920812,36784968894,jamesmoore3430,6
31805920812,56346514019,rupawala31,46
31805920812,853054394,danaeee.k,121
31805920812,38739054443,afterlife_gl,39
31805920812,65770466535,boss_habib11,6
31805920812,1980613316,nelz.the.stylist,10
31805920812,72118246949,layla._loove,8
31805920812,72308586747,camila.presley,21
31805920812,72103791502,leannamindy1,1
31805920812,71970035962,kyle_will949,2
31805920812,61698445752,accirl,4
31805920812,71602730603,kisto_raj_12345,0
31805920812,1762317888,yesi_sanchez23,26
31805920812,70132549253,kig6.64,7
31805920812,7087043672,hamodeh_dg,48
31805920812,72299397339,daisy.milleriew,5
31805920812,62187773908,plazaliu,544
31805920812,6064587062,frankedwardf,87
31805920812,50745607680,24jcoffey,31
31805920812,4768950169,coldworldnaayy_,77
31805920812,51270057490,dana.cherry.pie,17
31805920812,63892290717,1al_dane,24
31805920812,991164230,__onyek,1
31805920812,9028989214,giuntini.irene,15
31805920812,6435449320,tmarjancevic,46
31805920812,54924328125,bad_bitch444456,12
31805920812,65214286339,maruf___1.0,25
31805920812,65225474163,sagheersandhu7511,277
31805920812,2949118227,joshcgriff,99
61600988355,70057603123,baebih_kemzy_001,1
61600988355,48513085311,maariissa2,18
61600988355,56848062650,almri_srmnto10,9
61600988355,236824234,fitwitkey,452
61600988355,44902316351,heidyonthetrack,21
61600988355,71888946413,ade_victorblaqhart,0
61600988355,66244416966,jojoe_ramirez77,1
61600988355,11674665169,ad.dayoung0g,0
61600988355,68650242516,__noorie_00,1
61600988355,47582345688,s0iichee,3
61600988355,15368734974,hadia_debbouci,1
61600988355,8479259601,hasnain_a_w,2
61600988355,17415577445,spammwiitniyaawiyaa,43
61600988355,3597086160,jose.ramirez59,15
61600988355,45422128348,sweetkawaiiblizzard,14
61600988355,53663235192,edis.kunc,93
61600988355,2234096889,urgeofeli,13
61600988355,37008327252,_lauudemers_,80
61600988355,9882845552,kevin.huesca.a,18
61600988355,11914702911,iamnevaeh.marie,11
61600988355,62715621018,rabeezzzzz,1
61600988355,55021784783,shawtysmith16,0
61600988355,71550710929,letts_nathan,3
61600988355,57659417081,truly__venus1710,10
61600988355,63366034253,kath.melino,1
61600988355,71661453334,archit._.20,11
61600988355,2026231654,3asily.baked,22
61600988355,45223148755,laufeylinbing,0
61600988355,64198818001,forgotten_lyrics444,12
61600988355,3629174491,kylian.rw,30
61600988355,64779685161,diva.dd7,9
61600988355,38556471341,mskadijak,111
61600988355,4607347820,ton1_.to,37
61600988355,45284749971,chrissssss_ig,14
61600988355,53188412286,g.o_jd,57
61600988355,1546965993,ayana_amone,139
61600988355,57624966683,nodir_7398,33
61600988355,51136493822,pocho.z_69,17
61600988355,9677361916,mitra.jam8,143
61600988355,48261690544,a.s.a.perez,38
61600988355,64461096880,jusmjski,6
61600988355,68329552568,madam13333,9
61600988355,64323935445,kiebiiiii710,13
61600988355,29702931079,svijapurapu_,121
61600988355,22711583422,kartithebody,157
61600988355,44726582424,subzerodayday,75
61600988355,5452548547,ivanmoraxles,0
61600988355,35290233997,tee.bmx1,107
61600988355,8196051116,iluhheav._,111
61600988355,48933422194,ruvia_7,36
61600988355,5855299004,nicolejan1,41
61600988355,47934399587,simply_hus,25
61600988355,35183387657,teekaythechef,16
61600988355,9503055564,darriuskendrick,3
61600988355,5588921323,its.mariamu,0
61600988355,33760777944,jnotrixh,227
61600988355,42831569753,_vishali_guleria_,6
61600988355,53693366930,bisou__jpn,40
61600988355,9143913123,brjohnson53,7
61600988355,70346297344,bhushanram771,66
61600988355,52081938264,tywunda51713,141
61600988355,8938461638,v3nyz,23
61600988355,47771874384,snippetsofliz,21
61600988355,500027580,tygotmail,4
61600988355,32288246,sydneylynlynam,104
61600988355,329241573,quintonlewis23,8
61600988355,30029603991,therawvisions,114
61600988355,58452522400,hitupdee,69
61600988355,21477678169,thezaidenhughes,370
61600988355,45250794208,abdelrahmanbibo11,22
61600988355,6574115625,nagendra_koruguntla,11
61600988355,4042247123,masmith0719,41
61600988355,61522338833,readmyusersname,25
61600988355,499992632,dihersey,11
61600988355,550909673,lbarr_lolaxo,171
61600988355,1069734614,xx___yourstrulynae,106
61600988355,259660890,charisse.moll,219
61600988355,48415904969,oussamabz_official,16198
61600988355,1516609727,meetlordnova,59
61600988355,48571698862,lauren.c.lax,66
61600988355,9508353953,thatboy.maj_,76
61600988355,67175353421,m0bilexpress,52
61600988355,27519752894,kurttrevallionofficial,58
61600988355,22995221948,imdettprettymf,155
61600988355,71304302744,vape_mauritius_delivery,0
61600988355,58603412956,joelmuuo_k,42
61600988355,6342469088,wendy.eisenbarth,17
61600988355,11466555393,ch_dhruv_singh_narwal_,36
61600988355,3917908061,tluangteasailo_,78
61600988355,4348615841,fourplay_tre,212
61600988355,69566674316,hannahsfit.x,56
61600988355,4054033733,mr_wayup,110
61600988355,64056564696,justin3jy,9
61600988355,11945267122,adrii.42420,9
61600988355,1077596533,patrickjd10,64
61600988355,521431089,frugal_deb,8
61600988355,59571230381,chandlerjknight,28
61600988355,63920127580,royal_oso_craft,37
61600988355,2351060737,semuchiiii,67
61600988355,1426637894,jean.paul.araya,93
61600988355,497956475,cheyenneool,14
61600988355,231959012,lindss.11,103
61600988355,1626359443,onlyd33,382
61600988355,7599698784,coachjack37,29
61600988355,70950111390,tamahmed9,0
61600988355,4786559942,panchavati_kiran,124
61600988355,70429255040,ftf.matches,829
61600988355,63524493518,cloud_datagirl,233
61600988355,4855921735,petty_savage__,113
61600988355,3966923895,itamar.zafar,1
61600988355,49556337224,abigeila_veita,10
61600988355,5866936028,geraldine_conway,8
61600988355,56571761146,__._psychic.__.inyourdreams666,63
61600988355,2314162191,avinaus.exe,31
61600988355,5766198593,alexandra.ajp,73
61600988355,48886334093,nativefloridianbeachbum,881
61600988355,47330500608,sophisticated_tifeh,52
61600988355,11340111762,sfir.x_,14
61600988355,69475250258,real4iv,1
61600988355,1653842490,jeffadrizzyofficial,0
61600988355,70898506086,owaisuddin119,20
61600988355,189322048,niqueek15,88
60720190321,50933750699,222l001,24
60720190321,65221160256,florecuentanueva,0
60720190321,53911923332,daaniigutii,7
60720190321,48369819515,samuelglez_f,0
60720190321,71075360363,_chikitina,3
60720190321,60927004344,natanael.md,10
60720190321,67646341353,id.joseluis,5
60720190321,49900324339,byzyonsaavedra,33
60720190321,1993392845,abbymoonzuu,30
60720190321,1530794138,francomrtz01,53
60720190321,358522950,aalefajardo,172
60720190321,6234997868,_kats_book_,154
60720190321,6255186564,tanngmz_,42
60720190321,68832919465,laugcchic,5
60720190321,59148393407,maurobuse,404
60720190321,4415983049,samarripa3z,14
60720190321,1811389615,sebasencaos,128
60720190321,38968602227,fran.o_c,68
60720190321,6211159804,oscar_tabas,39
60720190321,3683332014,angie_dasbrot,15
60720190321,32036741431,csala.zar,79
60720190321,504289378,brenmgc,444
60720190321,5883503357,maria.eang,18
60720190321,496499571,ordoc_,14
60720190321,3526322388,maca.jezabel,36
60720190321,297706473,jorgelaguna,17
60720190321,21203143,streeturban_style_,0
60720190321,2943996203,ifereyesco,10
60720190321,644794763,yjimenez1104,0
60720190321,452764192,matiasjuanm,366
60720190321,27657416,origabriela15,573
60720190321,52214518508,adriana.medinagarcia.94,22
60720190321,1140907330,geloft,0
60720190321,368394228,sasn05,0
60720190321,2266171377,y0s0yjuan,60
60720190321,382011078,dcarosm,87
60720190321,21916869516,vicky_838_,138
60720190321,182984980,verodemedeiros,112
60720190321,474547449,jennalvmen,1
60720190321,5416135250,sucedanioaida,34
60720190321,28970609,verdengb_,10
60720190321,3544426614,ann.meneses,69
60720190321,203557133,sttar_21,202
60720190321,275797954,claverisaac,4
60720190321,298718068,lubuffone,32
60720190321,251238557,nellyramirezg,120
60720190321,6045118286,maximiliano.sammarco,28
60720190321,671351948,augustoquevedov,0
60720190321,3922834264,_bebch_,24
60720190321,4494722005,di_ego_cr,267
66966525567,59699978499,zeroknowledge_ghost,1
66966525567,71385400514,liliancheongofficial,58
66966525567,264054314,jbowman8,25
66966525567,1277974700,anafedoseeva,25
66966525567,4662534694,inunseremfilm,0
66966525567,45284749971,chrissssss_ig,14
66966525567,8495302444,sheena.p.rebel,97
66966525567,52098345411,shaunasuperfood,29
66966525567,4353312923,atoosaenz,1227
66966525567,8486302972,adrianahz01,0
66966525567,1482486385,stroudeddie,10
66966525567,58701532799,beatsbyberry,33
66966525567,485518968,robxlev,75
66966525567,1446264548,shangkarigoverdhanlal,41
66966525567,50902278148,syed_ebad_adeeb_,44
66966525567,48545146406,osaintsc,1
66966525567,59327316842,transplant_mtb,70
66966525567,51171590,zackarydeancreative,90
66966525567,44551010043,faadill__,0
66966525567,1404804845,_soudeh_,34
66966525567,24619197,jo_0hanna,69
66966525567,4753875721,p_raveen_mpk,0
66966525567,37314373,le_ann__,685
66966525567,579977249,xoallday,177
66966525567,49534815908,zaebryant,225
66966525567,1775375029,bloomingflower_art,138
66966525567,70802916106,andsometimesai,4
66966525567,5726187874,joran.lefevere,64
66966525567,320031314,lisetteazulay,148
66966525567,65845041975,theblibrary,567
66966525567,69474018696,onimisi_digital,194
66966525567,26640644558,nickyslicc,11
66966525567,196561232,alex_fnsc,286
66966525567,1399599950,jacqueline3312,100
66966525567,3101521060,luluisblue_,109
66966525567,21510224,adinagarciaturner,210
66966525567,319234555,ramoon0429,37
66966525567,223974366,taynararochac,260
66966525567,67977829560,celebrant_sarah_nz,4
66966525567,9059956549,sharonnrosa,145
66966525567,247547464,_samsaamsaaam,139
66966525567,7178787995,rizzivr,0
66966525567,330001677,giovannastenzel,2
66966525567,6666203015,cahalenj,9
66966525567,1511495863,_ngapui.jpg,231
66966525567,479568906,bmvitoriano,107
66966525567,65249408589,wolfganggraycloud,17
66966525567,4543795375,_gabrielfsc_,59
66966525567,1535128304,dr.billzzz,137
66966525567,3064187835,0anasirbu,103
66966525567,265121506,jessikays_,193
66966525567,249957057,mariaburnadeth,85
66966525567,841500255,dievit,115
66966525567,1411843384,fatimaa._t,264
66966525567,521860233,mysuitelifevegas,782
66966525567,4479065536,5katekrazy_mook,198
66966525567,18158439443,tamikorussaz,39
66966525567,65608621541,duck.73730,23
66966525567,283219938,aaronvogt5,1
66966525567,2052655165,hleng_k,16
66966525567,72485808685,happy_billionaire_life_714,0
66966525567,10406662952,miriam.mascolo,23
66966525567,1499498140,haajmj,0
66966525567,8314304098,_janmay1,63
66966525567,16083882822,iamzakiarani,49
66966525567,27519752894,kurttrevallionofficial,58
66966525567,9165357646,naturasolmedisun,3059
66966525567,200434472,danesh_shan,59
66966525567,4409440217,avumile__,83
66966525567,9900013,angelacarriechan,4
66966525567,65317456894,goaliepowerskating,7
66966525567,2001979218,liamhayes93,43
66966525567,334348424,judith4711,54
66966525567,50536791558,mrsdeveraux,2307
66966525567,185273984,so_over8t,69
66966525567,478206996,anniecorleyhand,35
66966525567,1629107227,matveeva.yuliya_,26
66966525567,509225173,bckilian,48
66966525567,229477021,natematbo,117
66966525567,1718586999,ayysha.8,9
66966525567,10235026849,o__buque,1679
66966525567,2719358874,ryanmemond,0
66966525567,54895971010,ashleymarlenisphoto,248
66966525567,328935957,i_am_sedwell,214
66966525567,69734716431,jpbitencourtc,1
66966525567,48057753975,malandrinoascolta,2
66966525567,7033029035,ephrymjaye,79
66966525567,195233569,rei_vancityi30,17
66966525567,31118840,saispinner,318
66966525567,330163255,ofelipemarino,338
66966525567,368123107,turomon,166
66966525567,1548831135,nurulhamdi,195
66966525567,44678916006,harish.jayaraman.96,0
66966525567,28426326997,4lexb08,62
66966525567,20035907,audreycutler_photo,150
66966525567,4203233953,glazastik_,14
66966525567,34160855,tendersweats,36
66966525567,317851431,thiegojaccond,180
66966525567,191413912,captivating_cia,154
66966525567,47267509,_heartismyname,75
66966525567,1693739659,cmackdown,8
66966525567,6055648985,zulfia167,41
66966525567,30713862,astralli,94
66966525567,10474085222,gehrad6,11
66966525567,1199551749,vitikaaa.b,0
66966525567,6071221856,xuanminh686868,1
66966525567,333187704,pieropizzato,126
66966525567,62091915519,vinaychaitanyad,17
66966525567,224534051,chqpmqn,85
66966525567,1636568082,chernamujhe,29
66966525567,7901277640,youthspacesafrica,10
66966525567,11693141898,musicbyjerf_,35
66966525567,71599967199,abdullahiabubakar1979,19
66966525567,63212565388,lee_bgt4,4
66966525567,37855081,shanesin,27
66966525567,183443389,patricio.mengue,58
66966525567,174500081,theeadrian,105
66966525567,51566001440,nowandforeverhandcasting,16
66966525567,66964992229,stel.lamarieee,0
66966525567,1829794902,christimilroy,106
66966525567,1580385936,caelovers,0
66966525567,41767060,cee_smithjohnson,586
66966525567,4368466594,artjules2025,91
66966525567,184618540,cbutts25,0
52575542240,71197633891,simply.kristelle,166
52575542240,71259225198,uniquelychinaa,221
52575542240,59109532955,somebodys__.sunshine_,96
52575542240,71673903665,you.love.peaches,366
52575542240,58718101047,andrealee0_999,29
52575542240,50407078085,aaliyahhhh_w,332
52575542240,56898011677,jazzybluvex2,447
52575542240,71888529802,hazeusisking,2
52575542240,65087035889,school.girl.q,19
52575542240,71913296803,icedrouxlatte,27
52575542240,63467728019,high0fftoodaaa,29
52575542240,68293495701,amgbratty,119
52575542240,71458942678,maya.saralee,136
52575542240,71554948334,bratty.quoted,11
52575542240,69813133055,hotmomig,136
52575542240,64275808113,theworldofempress,191
52575542240,71396245307,hislilchickennugget,640
52575542240,70766936884,iiiiam_.mya,116
52575542240,71015233617,ccocoabitz,24
52575542240,72095788696,rootedinlovequotes,65
52575542240,47043906410,theeeginams,1532
52575542240,71614437080,thaflavordifferent,149
52575542240,72242634246,officialbrittanycash,69
52575542240,56375930458,mialasp81,1838
52575542240,60152817129,melanin_moonshine,34
52575542240,1352616818,zyriaa.a,48
52575542240,62754721839,shydeleston1999,764
52575542240,47827317866,shiftpulsemarketers,380
52575542240,71205702181,nongzkies,437
52575542240,65234770669,kierratanshae__,305
52575542240,70257730356,nisha__lovee,38
52575542240,8431302859,blue3yed.queen,2021
52575542240,72007522376,hustle.hobbies,297
52575542240,67735008122,vibewithmay__,25
52575542240,5654420469,ms.bbeauty3,661
52575542240,66340501245,glowupwealthy.trw,192
52575542240,66359378668,bri_abawx3,83
52575542240,53183395186,adventures_with_blazin,2265
52575542240,72091204408,ninipeartree,26
52575542240,59103496284,atl.lee.888,225
52575542240,56477789914,kuzotokai,3
52575542240,62973423021,hoostin__,1081
52575542240,53711155131,agingerskid,1304
52575542240,18845315606,sunnique_96,84
52575542240,57132077598,glossy_bubbble,1396
52575542240,7508350525,samanthas_.world,762
52575542240,20166767996,ms_nonchalant__,76
52575542240,70595543928,astoldbyritzy,71
52575542240,4110970719,elenassstar,11
52575542240,47095436514,diondrakemp,76
52575542240,54318067131,crystalclear.conscious_,181
52575542240,57823427907,user.n0t.f0und98,19
52575542240,57204346813,queencutelyn,42
52575542240,71648808386,thatgirl.wins,27
52575542240,59654291277,_ryiaahmercedes,31
52575542240,6938067561,blu.aries,71
52575542240,35828400547,theonlyjaymarie,336
52575542240,66854530710,digitallymadeboss,293
52575542240,58291915068,alicesongriffin1,18
52575542240,48746704784,feelizabeth_,37
52575542240,70775311296,danaethelovergirl_,1123
52575542240,55549507746,miichisvida,1
52575542240,63752809331,wa_woo100,239
52575542240,72261335208,wesley.calma,6
52575542240,71250027307,yea_n00nie,14
52575542240,63319216006,leeyateles4,615
52575542240,6651440613,richard_armstrong8207,242
52575542240,66766661915,missgrimreaperherself_,90
52575542240,70366019291,annieeauntiee,6
52575542240,68043005056,_._.allie,211
52575542240,6926388582,mz.kayemzkaye84,118
52575542240,71736527239,girlswhopostmemes,81
52575542240,62643655499,malledee._,15
52575542240,68984223042,izwh4titiz,27
52575542240,71729025087,manage_marriage,148
52575542240,1512122436,forever_t_rad,1511
52575542240,49263852948,fibispace,680
52575542240,72113939411,oklahomamoneybarbie,1051
52575542240,3436961498,nonchalantnanaa,371
52575542240,62202312388,mandie_is_tired,363
52575542240,687591734,the_loud_introvert332,389
52575542240,70123622868,xo.modern,863
52575542240,52960329773,celestially_known,43
52575542240,44211091853,softluxry,324
52575542240,47490607875,him_stay_so_hi,2060
52575542240,69217121180,jamarmims,129
52575542240,36817025607,klawedbytyy,1052
52575542240,66302404301,ba_seemah,111
52575542240,1556468347,wise_is_awoken,37
52575542240,8281398172,shortyy.privvv,1865
52575542240,66258778513,ohthats_sj,380
52575542240,61925926337,_iruntoeat_,3146
52575542240,71794895949,dreamlifedailies,107
52575542240,11397047350,driaaathedon,1134
52575542240,68208285652,anjanaestrada.6,1427
52575542240,259247385,adoreinvegas,1248
52575542240,65165391781,itspatricelangley,576
52575542240,36379747049,burress_taylor,88
52575542240,26444908214,lana.s_006,64
21723194377,376761139,bettfran,23
21723194377,51492534231,haileygirraffe12,2
21723194377,63220074426,coffeeroxy48,427
21723194377,38340643498,davidwfrancis241,17
21723194377,3585069667,canadianace15,1445
21723194377,333592650,sarahlizdiminich,442
21723194377,16681667,momof3tdot,124
21723194377,6743633136,suebodlack,21
21723194377,32705695883,cutecreepycrochet,73
21723194377,65256881831,bonnies5945,928
21723194377,6647248173,gigislife64,32
21723194377,12292868782,deafdogsandbenevolentgnomes,531
21723194377,492213601,cindyleighmc,64
21723194377,190054036,amypilotteeee,69
21723194377,5472671355,nicky_dawn73,264
21723194377,6997347269,fenderjazz50,16
21723194377,14225435272,jammanhh,52
21723194377,48674465834,budstopher,44
21723194377,446396003,haute_ketovore,959
21723194377,16919936158,qeovjslvk,11
21723194377,1180607136,hatterascalgbf,0
21723194377,6205701918,andnothingbuttheruth,407
21723194377,209355597,megglynn1983,52
21723194377,11093858195,cbla005,11
21723194377,2382495855,pkblondie3,302
21723194377,29469693901,krislgooch,10
21723194377,60727554914,alansweather,106
21723194377,27156130232,kenfrancis1963,6
21723194377,49658733,sweetkatieski,65
21723194377,2492046762,pamelasaucier,160
21723194377,11953797989,susan.moisey,360
21723194377,207257081,franmckeown,116
21723194377,5735481986,hyde_the_amazon,3386
21723194377,191360227,catmth2,134
21723194377,60745879283,dad.canadian,3199
21723194377,17674827,printgrl,71
21723194377,226611761,jusdeproon,31
21723194377,235037074,jellybean1975,620
21723194377,583864904,serenbo53,221
21723194377,14514890031,jessicavauthor,959
21723194377,327491044,felsbacher,87
21723194377,294166008,lovelylifeglimpses,825
21723194377,696393119,mpcooper64,75
21723194377,389760466,cynrancour,1359
21723194377,3535367140,bfarrant.bf,659
21723194377,45715104,lucasrezza,437
21723194377,530603796,peterbobak73,96
21723194377,111380,ambermac,13233
21723194377,67570978269,xfl05xfj79lsh_r94g,36
21723194377,497522653,ianvancouver,29
21723194377,463238883,asoupcan,0
21723194377,11555809545,neuralbreak1,87
21723194377,12751760,davidleavitt,41782
21723194377,224380042,chefwakeandbake,96
21723194377,1209032666,pegkenspets,284
21723194377,18273642,sweetkidsclothingco,875
21723194377,60571211681,neuwengreen,1436
21723194377,1904905780,danielle.s.sweet,306
21723194377,48432313570,delores.dumphey,163
21723194377,175097081,robayele,264
21723194377,13989776052,baseballpredict,1379
3444940743,44736149905,r1nxen,52
3444940743,71602883585,tfmverse,0
3444940743,216143329,mozstefanek,315
3444940743,64397400887,capozonasur,3
3444940743,70346939612,hailevalinee,11
3444940743,43259550019,jacob_a_villanueva,4
3444940743,69880904653,roses.diaries_,195
3444940743,70851998508,_zaydenfreeman,2
3444940743,55270935571,babybevsi,3
3444940743,72023620238,growth_lab_journal,168
3444940743,50759997638,peachez_82,543
3444940743,70894843585,neo_ai_,1
3444940743,59630726681,thepauldevlinband,40
3444940743,61888296889,love2hatedk,36
3444940743,62854446539,izzetvibes,8
3444940743,68732566790,hailevalinewrites,15
3444940743,8723034963,devin.45x,19
3444940743,25557192197,edgardenrico,20
3444940743,8766387307,patootie_143,5
3444940743,67049035153,aimii_hu_yr_,14
3444940743,70992582093,seek.wellth,237
3444940743,71486303514,bitter.knitter2024,213
3444940743,71619317231,asteppedupdad,18
3444940743,57535824583,randomliftedconvos,38
3444940743,1345954222,luuuca_069,13
3444940743,16150642682,akay_official_21,388
3444940743,64997768646,angell.mayy,9
3444940743,32097466475,souzka__,39
3444940743,5612189437,hepprobin,0
3444940743,70690663216,positivevibessps,398
3444940743,63378946803,satwiktiwari_,1
3444940743,53104033494,krdntsr,6
3444940743,3823700536,julian._18,49
3444940743,70537136107,alwaysstillhuman,23
3444940743,69708841279,luongvidu,25
3444940743,69751916613,siprewriteandshift,75
3444940743,71440926869,lifestylewithagy,0
3444940743,60007028215,iashu07_,5
3444940743,8780775331,brokeasf2002,19
3444940743,72075883925,sociallydigitals,0
3444940743,7593829561,f1kilian,2
3444940743,7115674184,flrn.rth_,8
3444940743,10101503005,tamino_bau,48
3444940743,66819367324,spencher_1804,59
3444940743,65872550339,johnislikechrist,7
3444940743,3959072899,mf_990d,41
3444940743,234066327,szanati5,502
3444940743,7952902480,yannick.ortmann,31
3444940743,61717536741,o.x.g27,18
3444940743,29218265946,maryam__.150,18
3444940743,62227668220,aw8kinth3mind5.podcast,4
3444940743,70819328886,kb_3klipz,45
3444940743,71588770152,twitch.original_zzz,6
3444940743,69905909597,aftabahmed6890,2
3444940743,9644773588,xsandro_xx,10
3444940743,9862421275,jakob_mayo.o,12
3444940743,9510874197,dungbuns__,70
3444940743,7913324068,itz_muxl,67
3444940743,53617869228,paul_vietnam22,656
3444940743,68382548798,browz.by.chlz,462
3444940743,7567797655,sabathi4566,3
3444940743,53917668275,celine_belh,8
3444940743,70120189641,digitalmamachris,579
3444940743,3407960351,jason_1708_04,48
3444940743,5820599336,dalysgarciamartinez,43
3444940743,5585462926,__ed.ward__,122
3444940743,8663186612,_julian.77_,34
3444940743,6238798908,cassian.vs,1
3444940743,1176265361,madi.aidarkulov,35
3444940743,65861870074,muhfukca,1
3444940743,3664044244,sebastiangramel,6
3444940743,3290780152,simon.meisinger,33
3444940743,896891544,olivia_larregui,43
3444940743,37566420339,jfproduction18,25
50856244626,55881520435,komron.vaisov,11
50856244626,66969014785,_vn3ntr4k.d4v1d_,30
50856244626,47568575782,emamulhasanaman,16
50856244626,69853629208,prettyface_amb3r,0
50856244626,52054379534,heydanmorun,48
50856244626,67414168380,dominick______,2
50856244626,7681476530,_karadimitri_,118
50856244626,2292757436,nano_poetry,9
50856244626,69064524138,skib_idirizer,2
50856244626,53650137363,an.thony__a,475
50856244626,54597602383,singh.ularity,44
50856244626,71677665074,creepy_chronicles_pod,0
50856244626,58928359414,desauof,6
50856244626,70533833270,__fff__i_love__,17
50856244626,71669621874,shehaann5,10
50856244626,50332325691,bindu_dangi3,2
50856244626,64826238038,_r15_lover_king_209_,0
50856244626,1454048162,louis.bentley.180,53
50856244626,7068823481,ewwtf_nainaa,175
50856244626,59958377830,luffy.joyboy97,11
50856244626,32025846641,mr_mnz05,4
50856244626,71452167434,_kylousmaximus_,11
50856244626,8383663764,y3jsa,11
50856244626,3037899855,eleventeen_and_one,29
50856244626,64521426395,hope_and_sincerity,524
50856244626,69128163335,josephbegenol,2
50856244626,64480988468,twaunitrawilliams7,8
50856244626,4187222254,ant_debonis,57
50856244626,48656252573,olena828282,39
50856244626,33046187330,__roanito__,39
50856244626,7373874315,gaurii_jadhav,32
50856244626,60176885558,melvin.alpr,48
50856244626,1478681877,kyliehwk,0
50856244626,44968102226,cristi_101_,13
50856244626,59705881598,zhoraazhuldyz,10
50856244626,70910696710,suwandeeyimjan1987,4
50856244626,68579142189,mirabellethefrog,141
50856244626,58621961655,johnpaulot.b,224
50856244626,68308408374,kolomental021,3
50856244626,68464422679,yourwifeee34,7
50856244626,71017690252,_zxcursssed,1263
50856244626,69797202281,meme_.zania,914
50856244626,2357720389,elliotanker,87
50856244626,56285184322,vvolscheebna,41
50856244626,2053210021,shara_94,3
50856244626,60942461492,keithsteven2024,52
50856244626,8073727763,___broskiii,103
50856244626,48207645447,_jahebk_,53
50856244626,45481082815,ykyoulovechris420,32
50856244626,53183706422,cauamianovichi,19
50856244626,70856776333,art__by__mrym__,24
50856244626,61265829819,sammy.g_4_254,12
50856244626,316466728,pbauer34,1
50856244626,69892875826,goblinarmy12,9
50856244626,1781611491,matua.prof,80
50856244626,402830412,lolloglossy,57
50856244626,3273891320,keshav__rajput,54
50856244626,185710913,ic.unv.me,285
50856244626,29704541090,thesadiemontalvo,631
50856244626,33388565715,gymjabronis,310
50856244626,67301045216,fancyrguy,3
50856244626,5804353191,jarron.j,13
50856244626,70238004110,q.n71q,1
50856244626,70880908098,sha.niquabrown,6
50856244626,70408272330,madisonray_xo,0
50856244626,46514071800,popovicc.david,0
50856244626,58493346035,n_i_y_a.s1,0
50856244626,10331168424,anaavalentina1212,0
50856244626,42847322,_arcena,0
50856244626,50599696474,whos._.lexa_,8
50856244626,66508050050,jayson45269,84
50856244626,45540393791,ig__tirtha__,37
50856244626,30291520690,julialopezvivet.cr,17
50856244626,45137692990,hussain_faruk___112,17
50856244626,48737746923,mahmoudharoon_ahmed,30
50856244626,71189299977,salaar2874,2
50856244626,19272026906,balaji_yalburgi_,55
50856244626,48370246694,hannussyy,45
50856244626,12160456329,k.m.m627,265
50856244626,49662581621,nerijamiliu,8
50856244626,864298190,emma_mjkim389,74
50856244626,26931996629,0_neoki,27
50856244626,7248656108,s.bishr10,46
50856244626,4545232132,phos__0001,2
50856244626,49491873765,bubblegum_shrimp,21
50856244626,39457398603,lilrenz1e,211
50856244626,67641054735,aranya161054,102
50856244626,64562930643,cris_cr_gd,14
50856244626,8495080496,shannonlorrie_,139
50856244626,65202034006,s2ko_mei,10
50856244626,39927067443,mimi.uttz,175
50856244626,61846918757,7351.bogdan,0
50856244626,5661512059,ngochung.tran.505523,239
50856244626,69401460771,katrinakorolova,27
50856244626,67075267831,lucaschang1017,41
50856244626,67466536061,michelle__melki,2176
50856244626,27540519536,jazzthecreator_og,92
50856244626,7842362076,aabrhm_,54
50856244626,47805159438,hatcherg08,8
268067975,62460216131,albeharimajd,61
268067975,8507885925,looveumarwa,4
268067975,72110404180,mayuriiiipawar,12
268067975,70329083924,susieb846,23
268067975,45632427796,dr.javeria_rajpoot,4
268067975,6251968393,ashlene.dwight,24
268067975,59222546766,siriusedix,280
268067975,67712904535,myranbinas,76
268067975,68238058786,rosannagomonit,16
268067975,69873967621,heymommaapple_40,266
268067975,67838320391,leonakaybilbrey,89
268067975,52492988736,taffyarcher,25
268067975,61690191242,ruthvkelso,284
268067975,9611057089,lanoupha,128
268067975,69383827391,aprilmariewolod,125
268067975,67532104536,susanharrison875,40
268067975,68133669477,aphroquerol,130
268067975,60445796818,jo_embling,51
268067975,63878980633,loezgem,65
268067975,65697388846,caza_2866,10
268067975,70381805774,saman_fatima81,216
268067975,68222806099,shaysharay,95
268067975,66263800887,pebbles2661,4
268067975,67597149458,lakshmi_sri_lakshmi.s,39
268067975,65657829920,bjdesotell24,40
358801314,70673896928,aaaaaapppoiuyqdjk,0
358801314,32977818932,_sfeakdo,34
358801314,26886894088,marrypoisaa,0
358801314,65182009145,blubewwizz,5
358801314,71659716945,adzyan.othman,0
358801314,60515349060,syuhada_omar31,9
358801314,1091099374,xraudha,239
358801314,61478950087,muhammad.fathehi,6
358801314,60208726691,zhariframli_,20
358801314,68160252774,pey.kimi,11
358801314,6581166482,dilzfri,28
358801314,69121693223,ommashares,549
358801314,57007835777,sshiaaaaa_,19
358801314,219645303,poseidon.ivy_,79
358801314,45153839532,afelahh,21
358801314,2159007371,nor_aiisha,33
358801314,67081898317,edlyn.rahim,85
358801314,1095525944,i.zafirah,51
358801314,392502223,nfkhiraaa,125
358801314,7060596708,hafizah_dawood,24
358801314,5768770419,zlqha___,65
358801314,185858130,atqsefara,3
358801314,21387034612,naddy.zee17,220
358801314,2259672410,sis.raraa,37
358801314,47226257602,lf.nha,1658
358801314,1434833549,f.rhnabilah,71
358801314,1538320085,_aniesyaa,59
358801314,10408231914,meenzaed,1
358801314,3006974600,_txnash,61
358801314,52643904634,ashazeln,4
358801314,71581147728,mohdhadirul__,0
358801314,1813964813,syuhadahrusshahir,56
358801314,3500480536,eykx.e,105
358801314,8553133292,adlnmrr,45
358801314,1273197987,ryuilseok,93
358801314,416671605,saidatul_akmal,3
358801314,72308817559,shamdigital126,21
358801314,14462407,rosetteresty,43
358801314,499772184,cherrycherries24,24
358801314,54002330385,isz.su,40
358801314,7005465457,a._ilyn,31
358801314,1587671549,izzahsukor,1
358801314,4089629200,ainisrya.___,160
358801314,145699581,shamiwaaa,36
358801314,5639067278,nrfatinaqlh_,0
358801314,3174866611,n.syakiraaaa,24
358801314,4308680069,wowitsjujue,237
358801314,10426756218,rafihisamuddin,51
358801314,34624042,amirul__dan,2
358801314,1742765734,anis_rashiqah,316
358801314,319533389,hzqhrn,217
358801314,654798378,amiq99,31
358801314,538064789,lai.laa.tul,0
358801314,4037834683,siroent,13
358801314,14644524369,omononoo,27
358801314,3013410145,raigords,170
358801314,427671235,srivitya,386
358801314,45047072761,haz1mshah,9
358801314,281289914,qilajeffry,64
358801314,468025763,feliciaalbert,21
358801314,43552703688,pca.alias,4
358801314,1186823792,haameraa_,103
358801314,5813172211,dsallyza,29
358801314,535836092,aisyahhhhsidek,34
358801314,1309488871,ssyuhadahkhalid,67
358801314,369534953,nurainmrdh,0
358801314,32974398,farrahanny,81
358801314,5663823137,aniqzz._,4
358801314,3601577957,_camiey23,0
358801314,49576214070,haziqfadhullah_,663
358801314,1773711642,sri_aliyah_,49
358801314,72103230201,____kuca2x,3
358801314,547309370,_kiminhassan,118
358801314,39431495515,faezahhj__,38
358801314,409256338,ainununnn,0
358801314,258619100,demintan,10
358801314,630410732,n.h.b.m.f,38
358801314,347931133,puterinuraaina,770
358801314,1535459693,roshimapuad_,1
358801314,204375716,nurfitrah_ismail,0
358801314,57758457146,shashaaldjufri,457
358801314,6253637749,njwaidris_,0
358801314,621851160,sshufina_,60
358801314,5790113222,azliza_hd,455
358801314,61407139930,aint_yy,7
358801314,5752631265,dzikryamir,85
358801314,55763457307,h.c_0105,339
358801314,712217888,nzatiee,8
358801314,1498158608,maisarah1017,140
358801314,420016716,nvbillvhjr,60
358801314,1590013143,aininsofiamohsin,97
358801314,5547760119,syuhadaanr,240
358801314,656127228,irdinaida,2
358801314,1937811794,nurruladilla_,8151
358801314,1006068859,diniemhdslm,19
358801314,1354259746,ftmhbakir_,0
358801314,268639130,hnziera77,0
358801314,252827098,zulikhmalz,221
358801314,466581179,nisamanap,98
358801314,7354908657,_saya_sakinah,27
71361343302,60739007062,journalbyibu,2
71361343302,64001629349,amr_mhmn,451
71361343302,72070423319,ayuni.works,3
71361343302,68756228899,0lffys,4
71361343302,70081574349,yk.imranz,1
71361343302,70752875833,jommaintogether,202
71361343302,69121693223,ommashares,549
71361343302,400153969,nisamadzar,254
71361343302,1564513776,najiaazainuddin,37
71361343302,9021772108,farzierafuzi,1
71361343302,69576253353,joe_bimmers,43
71361343302,67178696455,nursyazwani_rahim,1191
71361343302,52515899450,khaliefahmad,2
71361343302,48640350313,leahhhdd__,157
71361343302,71809275898,ctiey_06,263
71361343302,243766348,diejariffin,48
71361343302,27922253444,nha_hudaali,1651
71361343302,202590236,lalakhalid,33
71361343302,54679954883,izza.afiza,226
71361343302,49302923713,fatin_sofeea,348
71361343302,69373931042,cyieda_,194
71361343302,3455219565,nunaa_yanaa,177
71361343302,447089671,ameea.yai,139
71361343302,37501175072,azlinaghostwriter,873
71361343302,185932590,norsyuhda,73
71361343302,46995905490,dneylleah,62
71361343302,690123482,eylyshhi,290
71361343302,66846830052,nusnooks,569
71361343302,175218780,jejett177,210
71361343302,6247922120,niaaawjan_,387
71361343302,8157448697,faris.ashraff,154
71361343302,6419236510,_ainnsyafiqa,29
71361343302,42838065945,alfarizki_marzuq,0
71361343302,2007891316,naqixxs,31
71361343302,1123564566,nrlhsnsd,46
71361343302,1319791205,_starpost,44
71361343302,12404204217,nisarapaee,179
71361343302,30768384150,_nhamieydah,72
71361343302,48895270738,n_akmaakma,23
71361343302,1508965080,adlaasywnn,253
71361343302,4575720864,iha_arshad,329
71361343302,3872055904,syazana.bh,244
71361343302,1305630224,awintahir_,188
71361343302,13076161190,qtsyaaaaa_,99
71361343302,1362087053,zuraaaaaaa,0
71361343302,58213979945,nurin.auliya,31
71361343302,13501654045,afthxh,0
71361343302,1189366729,faezahnefs,35
71361343302,7570089242,_nsyii_,1401
71361343302,32112624505,siti.raihannahms,221
71361343302,1474916237,nainaafiqh,99
71361343302,33244253711,balkissolehah,0
71361343302,47010953156,asrazaly,304
71361343302,3279229134,fiq444hh,45
71361343302,1343145689,queentoadam,464
71361343302,70938731581,lana.bluelily,0
71361343302,1566112223,nuradilaayub,330
71361343302,47458716417,vincenzopak,52
71361343302,1312293739,arelin_19,152
71361343302,26350553150,ahmad.hasif.148,642
71361343302,1710935312,nurainiasyiqinrahman,61
71361343302,48988239194,lilyayanaa,1015
71361343302,7023596989,sitinorzubaida,47
71361343302,37456871726,nr.janaa,10
71361343302,4832686861,buywhut,92
71361343302,8948935930,yananoottt,408
71361343302,318925073,ilyaizyann,1981
71361343302,5540819820,siskahaidan,1406
71361343302,68689295329,mk4_afridi,905
71361343302,20509114587,nnatashaanwar,1343
71361343302,361501270,ierahatirah24,61
71361343302,12117726138,cherosfarrah,472
71361343302,642115592,anna.malique,100
71361343302,1408380557,zuraini89,66
71361343302,271927391,aimuni_mun,1433
1019537,63976985441,rhnz.rvr,10
1019537,1617534373,vii_oliveiraa1,20
1019537,57793619982,b.annsarhmynti,17
1019537,67279198463,tatinurhayati5107,36
1019537,49114626045,itss._mitttt,5
1019537,57580173029,aline092409,37
1019537,59236740903,rana.lyyina,45
1019537,53825014895,arifyulians,3
1019537,8085069149,crmschnitte,2
1019537,63406937704,indriyawati_lilis,5
1019537,51435549407,ryndisnts,102
1019537,3639978891,ollamardova,96
1019537,60817282832,loupiggy085,479
1019537,49681194548,6etre9,79
1019537,1634787781,henilistyarini,44
1019537,61312798407,tiararakhma_,14
1019537,143667179,laetitiacaee,241
1019537,1095873146,evanovarita,138
1019537,402912297,theresiani_tp,31
1019537,48175142758,finezhaine,22
1019537,2076670416,amirahelena,47
1019537,1995050169,missnyitnyit,611
1019537,50281979989,dby.official,35
1019537,242400464,dhita_sastrawiria,112
1019537,490933470,maghalinetar,119
1019537,1331874892,smeiisyarah,53
1019537,782172831,ratulanaargaa,125
1019537,41377498912,dartirasela,37
1019537,607920156,jiliwosysalainti,761
1019537,14745483801,indrycute_,219
1019537,17459096,triciawbsn,373
1019537,816460461,eliza._.sm,15
1019537,1290420149,herdiananov,0
1019537,28722877764,rosidiroesli,123
1019537,275209672,trias_winanti,82
1019537,25292094488,mia_casela4,5
1019537,15544312613,pinkpanda_0,0
1019537,55209107341,tinenoviesoegito_,12
1019537,287479809,niaputrich,53
1019537,45023116788,sekarhapsarimusic98,10
1019537,412305881,twiitamee,100
1019537,1356228906,ichad1003,105
1019537,50792629750,nandalutfiya15,16
1019537,7858834427,naufalsamihanifi,41
1019537,176122306,msjesslyn,204
1019537,1512734762,miaamel05,0
1019537,263739114,luis_severo_,117
1019537,273805269,haniarizki,176
1019537,1837487556,dietarya88,56
1019537,6306547789,lucky1190_,100
1152137,303050927,b4hanna,80
1152137,7015221,colleenmcsweeneyphotography,48
1152137,288126732,carrie_woodward,62
1152137,47964503611,mtthsvss,64
1152137,8205895,natasha_c_ict,98
1152137,992890210,geegeelo,16
1152137,3067030068,kate.duren,94
1152137,58355928781,anneke_leffel_,34
1152137,1341661518,dayemocracy,319
1152137,36492873,jennifer_sargent_cope,3
1152137,26818834604,mike.rylander,22
1152137,2080521,tinyawakenings,71
1152137,50899309903,murphysp3450,20
1152137,2243113,2pinklines,70
1152137,2911954005,ms.mmedia,295
1152137,1959653920,kristenmccord,99
1152137,1248680991,keith_sonia,188
1152137,64566167368,henrique.penha.fotografie,18
1152137,40392571329,evilmakes,166
1152137,44431307846,aewanderer,6
1152137,4066568642,clarkjt5,24
1152137,1389942268,thebestmarianna,199
1152137,70492426196,bernadetteronan,3
1152137,24105886,sarahdille,101
1152137,6333500853,bpcostello27,41
1152137,43531885,jedwardsphoto,23
1152137,570008389,sallyjo0210,172
1152137,70043287761,rangerbakerhologram,595
1152137,8534697980,jamesmarchington_,0
1152137,6497670,retrochick73,43
1152137,72535448431,distinct.opinions,1
1152137,513106955,futrowsky,44
1152137,11478254,kristenthompson22,185
1152137,18356247,ericathemom,105
1152137,2127064113,gaylechoo,36
1152137,51695074195,tim.austin.944,4
1152137,5560127168,klutzu24,26
1152137,261020887,__su.z.an__,24
1152137,1532777239,egustafson828,45
1152137,380382141,stephenhyung,25
1152137,1678165579,50_shades_of_dont_you_say_that,51
1152137,267443809,vdmata,92
1152137,203331219,theoriestodust,22
1152137,1006210734,mlhapp1052,9
1152137,1408224039,thomasandrewjackson,294
1152137,28855234,awadsie,128
1152137,70136709136,ok_real_estate_,9
1152137,461481807,crossingsgirl,202
1152137,239849905,melissaklob,28
1152137,344644817,kmkibble75,390
1152137,208566809,moddtalecki,393
1152137,55856152471,monana_goinky,202
1152137,425381999,whosehair_,119
1152137,8635666,tnmonroe,130
1152137,51163824,megan_mms,15
1152137,1259289,beckypittman,143
1152137,20739600,mlanseur,109
1152137,16819341,jelsert,247
1152137,220596368,lysarytting,0
1152137,30683329,meghanroseo,16
1152137,55275033,koitohhei,36
1152137,50047432,lgisme23,8
1152137,489640,dave1cruse,46
1152137,2459343960,karafrigon,49
1152137,33681014,leandrofilippi,0
1152137,2999328421,best_mom_ever43,767
1152137,18687889,jenny_will_travel,71
1152137,1254758140,fredlynchart,587
1152137,1202687360,maryullmer,108
1152137,29322958,airlieanderson,368
1152137,56724521585,simonsaysvote,762
1152137,1531458763,mschwilliams,67
1152137,21930645,todea,179
1152137,1514488613,peter.clary,77
1152137,1378830704,jjmorgenroth,32
1152137,178643152,jenmariieb,66
1152137,318672760,aileenelwell,77
1152137,244100996,kelly_lynn_1,1
1152137,1302950712,saradaustin,180
1152137,5514135829,dilloffandaround,217
1152137,716318766,alistairhull,57
1152137,322507860,tcur12,41
1152137,6663030,_meganthuy,171
1152137,5779224753,scirocker,570
1152137,1222346152,wolsorocks,61
1152137,2337451694,boomersmntn,167
1152137,186123043,emily.giroulet,0
1152137,519707176,katz.cradle,83
1152137,7091276,midwesterner74,189
1152137,2781967,megabeth18,112
1152137,260177771,eyashap,97
1152137,454227792,chauncey4depew,101
1152137,239725194,scramblethis,60
1152137,12259466,cara205,92
1152137,8261404,liessylush,132
1152137,31434193,acxsmith,12
1152137,2271116888,sydbkillinem,302
1152137,216391460,shellwalsh,58
1152137,346637793,allir7,284
1152137,438334739,joanmancini,51
1152137,14661695,shacker0210,42
1152137,70002802784,ha_nh3530,163
1152137,6843156361,loopdeelou,94
1152137,48449328,cwardj,63
1152137,12866976,jameslandau,524
1152137,11426157437,srabybaby,63
1152137,13933445032,kpandit56,126
1152137,455095294,stelstar328,239
1152137,175444454,makelsch,34
1152137,228761783,karlambaker,0
1152137,2522375482,edandchrisofbdsw,65
1152137,5898939,cvolney,690
1152137,2086634673,beetut3,814
1152137,5759272875,threegirlsoneboy5sisters,868
1152137,301879874,mitchelhare,0
1152137,8922135,alisakburke,10472
1152137,4287931006,janeythefirst,1113
1152137,9446526,karlea112,295
1152137,1411876289,dtant1,202
1152137,30615165,kapten_grogg,40
1152137,7256597,reynolds523,63
1152137,56058195,coachnms,47
1152137,1682432843,juliewallacewrites,253
1152137,3014755810,cattapia1973,0
1152137,5384345824,miyoshi3951,4648
1152137,17512503,peripatetichristina,53
1152137,2960288356,wholehealthfamily,35
1152137,26272278,composerjefft,69
1152137,3585639,hellokeila,688
1152137,197320111,hillhands,71
1152137,1205482163,anyolifont,119
1152137,2812987842,a_p_m_128,0
1152137,200709386,kimplatt719,114
1152137,3038716125,charlottevangenderen,76
1152137,176397164,jeanteng,52
1152137,48113857,davisvincentsan,659
1152137,188084915,gingermckchav,266
1152137,1093971766,joyphulness,425
1152137,68239793433,odugbemi_phd,1
1152137,1414815731,jillsy516,123
1152137,3070568585,dan.hain,95
1152137,47226620,onehandman77,186
1152137,21562982,sarahgage113,37
1152137,66450024451,ncplantlover,0
1152137,4544286160,whitneyiswriting,295
1152137,122245,missmonky,71
1152137,35361420236,forrealseankane,19
1152137,32943589,andyjacobsen,0
1152137,248808540,missretrorobot,60
1152137,11456243,robyng214,23
29586759971,70428163089,deepkparihar39,0
29586759971,1533614633,halfway_hippie,630
29586759971,7855550045,overdosethatxo,254
29586759971,64328126478,shivanichautale49,3
29586759971,2321176942,samadhilee,69
29586759971,50923286649,mountain_lou,118
29586759971,70020170360,marysojuanna,27
29586759971,6959402,katshamash,67
29586759971,27358211,lynnyleigh,46
29586759971,27024875,hayleyjeanninex,220
29586759971,242397019,flkemper,133
29586759971,2301170884,kathrdz81,133
29586759971,17423820,deathbykimchi,54
29586759971,277193589,sjhall0121,445
29586759971,69756976834,_moonbeanie_,248
29586759971,48424135608,juday1ka,562
29586759971,2898859420,runninmamax3,105
29586759971,70425803081,acherry24,821
29586759971,28445870329,ascellablue7,284
29586759971,1587981611,deliabishop214,407
29586759971,10439803209,sbeck0420,270
29586759971,50849828389,christopherbond_21,18
29586759971,418107088,jimilapointe,148
29586759971,397320191,caraluca41,1
29586759971,175321224,cbrownclower,63
29586759971,10632785952,jahe2382,57
29586759971,211435073,babs32769,78
29586759971,144901206,krys_lee123,11
29586759971,348655990,renah76sam,47
29586759971,1305838098,hayleyfvanmeter,113
29586759971,49224104349,gobiteabubble,31
29586759971,3528270484,rocknrolljunkie.tx,68
29586759971,233892579,anitra_larae,416
29586759971,5427602858,darleenkinsey,98
29586759971,69221514183,sandalsandfun,46
29586759971,1194114589,piggleandpop,2694
29586759971,68644948807,rage.quit.brb,51
29586759971,292830811,mcolleen3,1037
29586759971,26160915,s_cloud,162
29586759971,404273146,shannonamity,152
29586759971,463691168,nanceeee1959,86
29586759971,2428617,jostudio1,72
29586759971,1651528511,jenn.konderka,77
29586759971,27504567,amymichellefoto,145
29586759971,1382535641,maryschafer1,21
29586759971,214319720,summerlilly1,131
29586759971,3961018303,magically_lost_at_sea,362
29586759971,51672073116,mykeywebb60,9
29586759971,2232579777,pastarte,912
29586759971,3018309188,sammimarti,57
203287164,7353300160,dmnspawn6,11
203287164,644961504,rescuepupmum,474
203287164,57398584071,moneywithpurpose,51
203287164,8989020757,h.annahjs,33
203287164,2240405730,ltml10,14
203287164,8232295909,hoelatthemoon,252
203287164,66534338274,narcolepse,11
203287164,37023815853,nach0princess,352
203287164,2095344303,vwluvr64,172
203287164,3531909541,jootylicious,643
203287164,58222888440,d.m.weiss,280
203287164,538377491,jennicolej,16
203287164,1410799,texasgranny56,4455
203287164,1389946430,almartnow,121
203287164,458641505,jackdonaldstark,343
203287164,32005130916,bettythomas5335,80
203287164,14026705188,rickiw22,13
203287164,52728150827,0g_mrs.whiskers,67
203287164,52391935717,deborah6096young,6493
203287164,68054026709,hollywaller75,97
203287164,4226147965,bkhinton21,229
203287164,38796920316,mrogers93,38
203287164,50832210259,dadzilla_father_of_monsters,190
203287164,8666213,1111kristin,82
203287164,67504615517,fbslace,126
303574556,72135904173,the_antiquegeek,220
303574556,47043906410,theeeginams,1532
303574556,72291738368,digital_caris_jw,148
303574556,70684125080,lisajdigitaldreams,183
303574556,71953992159,peeleveronica,3
303574556,71822880360,your_bestiefrommysticfalls,6
303574556,71184648189,revcomasterclass,1117
303574556,428427547,thareal_jmia,64
303574556,67167597758,adventureswithairenna,33
303574556,72154920576,glamclosetxarushi,61
303574556,47218418179,_mansa_is_zid_,5
303574556,59937075048,psykat420,75
303574556,58340543607,sleepyjesus76,9
303574556,8630364431,antid0ll,166
303574556,71204762021,mia_investsinfreedom,794
303574556,9950840549,nimra_maqsood10,2424
303574556,53841917791,vidadeleonardo,3
303574556,72102676657,az1ii25,0
303574556,63397106121,earningonlinehq,596
303574556,1360330445,lesharntaylor,137
303574556,50006293199,mhieuuu1304,48
303574556,50789326203,holyzen__,197
303574556,64599288831,wealthdigitalgirl,75
303574556,72015156745,momofboyslegacy,41
303574556,33423312063,skimkare.israel,72
303574556,28416770886,graceandhustle_tiffanyj,1007
303574556,71908262410,bloomandgrowmarketingco,49
303574556,30385784713,watt_media_au,74
303574556,53479173898,danihypesdani,211
303574556,68910960354,nina.skyye,1697
303574556,522770686,jo_jogermain,209
303574556,1199732241,renaesimo,150
303574556,67974350482,themomboss.club,65
303574556,71365579958,seazeamiami,28
303574556,65145991166,alliejonescreates,16
303574556,62846032923,profitablepretties,944
303574556,70390600102,hergrowthunleashed,180
303574556,67101284818,httproperties,12
303574556,71983632321,viewtopiastudios,3
303574556,58303119762,inspire1sphere,9
303574556,968785388,johnna713,184
303574556,71911070206,bri1.0g,0
303574556,57287208810,itz_nayok_vai,22
303574556,43893110524,growwithmigs,167
303574556,63776822901,smart_nomadpuppy,4
303574556,66426798634,mb___stock,6
303574556,53372273642,uniquelyhaide,84
303574556,2003321958,l.e.x.i_b.e.r.g.e,21
303574556,10357387646,king_persevere509,403
58349140290,2046656541,daryl.nick,150
58349140290,28620073268,raising3bearcubs,202
58349140290,283184972,justynamariaanna,513
58349140290,1632503,fractal_viewing,77
58349140290,70255528802,patrickcurtis472,329
58349140290,1943124278,susanfrenchy,142
58349140290,346637591,dadreamer41,27
58349140290,70518955228,rae_domesticated,52
58349140290,60206365377,slay_news_,696
58349140290,52045325,brittdiane89,34
58349140290,1995204094,petertippett3913,45
58349140290,214352379,portcityque,161
58349140290,21551877723,s11ew777,251
58349140290,274578165,callmeco83,1
58349140290,43264010,mags_tsek,684
58349140290,8137370064,cheryllycans,7
58349140290,212568357,jadedragon76,26
58349140290,337180621,loribooksandntoys,10
58349140290,1470892979,elkmontcoinguy,69
58349140290,577791727,bellitamarina,90
58349140290,3664409907,wileswilliam,134
58349140290,48393675480,mermaidmedspa,123
58349140290,2815522876,juju_per_carr,116
58349140290,38079414,_a_musing,20
58349140290,1608281554,tricia_m_dj,63
58349140290,44112903190,dcavenger82,12
58349140290,52944802947,rstorch420.rs,116
58349140290,1445491340,joshua_tracey_music,71
58349140290,2940257479,candaceyaeger,391
58349140290,203412792,tristitia00,25
58349140290,6663920526,laurenahays,575
70227925504,60859094019,aboxbythebed,193
70227925504,29568745149,baskett.tim,495
70227925504,67652132019,okaypendejo,1176
70227925504,7773776277,oeniola18,89
70227925504,5325767822,bad_pooky,2441
70227925504,48642729899,sashaaallr,24
70227925504,69058832063,bo.badam,155
70227925504,71738344926,ahmed.m.a30,24
70227925504,12617109,theanthronurse,358
70227925504,47376496,cobb_saladdd,91
70227925504,360201130,seemandasparkle,85
70227925504,70382313887,the_bad_girl_from_the_tree,953
70227925504,10356454179,dreamer97141,82
70227925504,65328104763,jesus_of_suburbia_22,1235
70227925504,69294390256,goth.flamingo,399
70227925504,17163056466,nate_dango,741
70227925504,8778626309,mullanarky,6045
70227925504,38576067032,zarahmb_molly,96
70227925504,183873288,paulinpville,996
70227925504,54054283164,milly__the__staffie,34
70227925504,69506133685,messingaboutwithai,5
70227925504,18638042703,nitaehancock,151
70227925504,60379822628,ladyzeke72,2185
70227925504,34644704318,krissjr_rsl,31
70227925504,54367397522,kwinner0322,158
70227925504,1287561193,timhalburpdx,214
70227925504,178096323,pinkmingo,3157
70227925504,292580063,kathys2014,16
70227925504,53093092352,voiceactorfergs,270
70227925504,9224161346,takeo247,57
70227925504,12144363101,nrvansell,2911
70227925504,2291964439,j.k.spivey,58
70227925504,11702818748,brett_mmla,150
70227925504,396118579,celestialcharm__x,881
70227925504,8278675023,sammpaigee,855
70227925504,71895233662,sophie_joe_85,0
70227925504,65059650136,fruitygalalex,1292
70227925504,4021384030,ant4048,643
70227925504,18850450,kcerasai,512
70227925504,1805641352,fredricjonsson65,70
70227925504,1653999450,janiepoosmc,33
70227925504,47778774,ceeswt,118
70227925504,2046337173,galeforce73,240
70227925504,67629784701,2pretty2playwitt_,2
70227925504,225188545,wiz_smith,127
70227925504,436656793,remcovdvuurst,205
70227925504,1945658220,diwyman,458
70227925504,56340522096,r07hsktch,675
70227925504,638493296,howdychef,835
70227925504,60798445961,lisamckean63,143
70227925504,975705403,crabbyaunt,157
70227925504,265640109,kea_bea76,3213
70227925504,59694905707,stormabigail27,1589
70227925504,5692084674,floopeygirl,2172
70227925504,40095946078,heyitsmetodd_,3815
70227925504,4971359899,duncaholic,31
70227925504,250159100,peel_kittens,815
70227925504,5958134098,doom_gabe04,39
70227925504,50312877727,miaanetiss01,824
70227925504,245948808,kipperkris,65
70227925504,230138461,alexanderwone,78
70227925504,2014696307,gatorallie123,72
70227925504,178638908,hillarylshay,176
70227925504,1693299573,softspoonie,3065
70227925504,70229266403,jennyquackles1,3365
70227925504,55071203143,bad__mallard,1199
70227925504,21160050903,carolyn6clark,153
70227925504,66568081308,atreya.yay,20
70227925504,2245543339,ana_log11,391
70227925504,5891965528,98full_huah,75
70227925504,307726098,campbellworld,32
70227925504,1944932215,_strawberry_milk_79,142
70227925504,989953416,novacaine72,104
70227925504,70243031074,buccs.83,102
70227925504,1392558949,samuel.thomas.v,192
70227925504,44760879744,falconjay_,350
70227925504,4932254,trae_talk,2965
70227925504,175083358,bluefishck04,160
70227925504,33138786083,selcoeurl,272
70227925504,6089241932,langenbergyvonne,38
70227925504,42399837427,leezabettab,3866
70227925504,50611744277,buddhapugz,309
70227925504,2339348124,korr.the.warrior,393
70227925504,9303678353,patric1014,48
70227925504,63183312522,ezraharmstrong123,7
70227925504,426040759,fiddies2,2050
70227925504,2013692114,katharinemsully,155
70227925504,1486248948,emilyapparates,426
70227925504,208692361,rockymtncourtney,325
70227925504,178001191,stefene7,473
70227925504,8033940150,saunders.nicholas.social.media,1195
70227925504,33157302068,tequilaandkissess,82
70227925504,321110870,back_to_nobody,1015
70227925504,5592541268,jimelobosm,872
70227925504,2218090741,unwavering_uterus,371
70227925504,1399461157,mattydems,1170
70227925504,8273553067,anthonybarnes817,79
70227925504,296256903,jeff_l_walker,267
70227925504,4153194673,darindarsterd,89
70227925504,61373210405,jimmy_the_fat_controller,1295
70227925504,10968710940,scriptgenielynn,1001
70227925504,8580775424,impozit,776
70227925504,7039574,lauren.meow,1456
70227925504,6217090285,tyranitardude2004,106
70227925504,2062640837,amy.aston,38
70227925504,192014194,kasielynnt,121
70227925504,63056563161,astral.static,426
70227925504,13587655167,millrace422,177
70227925504,4492679487,cooke6038,379
70227925504,559621604,martinb44,189
70227925504,3259091906,julienellalola,83
70227925504,6493883117,dragongirlshay,594
70227925504,633983984,tcamachoalsmadi,112
70227925504,270582879,shiningfawn,188
70227925504,152941,jillyenfuego,3156
70227925504,2002283507,rgpatnode,741
70227925504,7142669238,elizabeth.roush.50,689
70227925504,10265535245,izzie_bo_bizzy_,225
70227925504,341662481,afunkyfennec,216
70227925504,651398235,franklanguage,642
70227925504,330180934,swaykmom,137
70227925504,1655037996,jodz_is_it_,303
70227925504,232173417,anna.iceage,45
70227925504,48651772430,amandacore2.0,196
70227925504,1696511538,slhersh2,53
70227925504,10172418145,mommy_dearest19,58
70227925504,480156251,thetestbear,484
70227925504,45445090898,justmekath,3079
70227925504,1410297432,leli2427,297
70227925504,6714079146,julpauluca,314
70227925504,8617236353,alegna_yelnats,165
70227925504,340557260,mamajenng77,951
70227925504,11043121699,douglasricketson,125
70227925504,5472671355,nicky_dawn73,264
70227925504,11200430,mmludz,3826
70227925504,56658932477,the_brides_katana_,162
70227925504,191078480,envelopesrule,2522
70227925504,5801043375,ahkiez,433
70227925504,59643989731,mmaule1917,364
70227925504,863509914,ruthie3149,160
70227925504,58939849097,bencole511,67
70227925504,3505474720,fiona2596,12
70227925504,2222730146,shakyfish,109
70227925504,366944923,jen__briggs,297
70227925504,451641,lovelylydi,71
70227925504,4302619642,tmhorrocks156,70
70227925504,566715436,smurfgalway,32
70227925504,2932673828,larstornberg,10
70227925504,240368775,fsfwannabe,835
70227925504,1597431142,ej_parker.starfleet.intel,244
11933986,61443283479,dilapidatedminds,20
11933986,69814732107,niteshtilesmistrigmail.com4,0
11933986,45517617329,truenorth_24,16
11933986,60166634630,johnnietreadway,48
11933986,61531268135,sham_shadrack783,19
11933986,67864506011,shay_mccoyy,33
11933986,2008924355,delirium.tremens,72
11933986,64658528093,dangitxbawby,6
11933986,6571932189,wyattallenaz,31
11933986,72092199928,laura_add.e,1
11933986,28276745,bellasmomkc,109
11933986,3985823281,krosy61,945
11933986,318240426,hahahassica,70
11933986,6642441248,jenny.maie,11
11933986,10329650804,sue.j.ro,882
11933986,64715053138,rishu__royal_2006,8
11933986,52456501282,christopher.weddle.zero,38
11933986,5848843125,jillian_dewine,32
11933986,36560374,hillwalts,0
11933986,3063804019,heatherbrownsmith,50
11933986,72321560652,malikumair6943,2
11933986,69649069409,brother_made_it,18
11933986,3485804323,drg032662,205
11933986,68912051541,sana_ansari.9814,1
11933986,60774462987,cherinoll1127,76
11933986,54044494800,lord_david68,57
11933986,1330104946,lee.curatorr,76
11933986,72298665959,myrzkhylrdwnllh,0
11933986,59353584352,joealbert1911,97
11933986,3153549927,clynnvolz,19
11933986,1452232560,jimmyt68,584
11933986,58664155537,dougtru6,196
11933986,306326381,theresaroberts,74
11933986,2963650503,larkin7137,11
11933986,5028421,msmcbutterpants,101
11933986,144901206,krys_lee123,11
11933986,36784968894,jamesmoore3430,6
11933986,12817205977,micah.holmes,83
11933986,280386362,rikster21,70
11933986,254427479,boakleaf,3
11933986,69670751236,code_hamzaa,6
11933986,71957559010,hattyb00,1
11933986,5620026,alejandra416,103
11933986,480298797,pegah.pena.rees,120
11933986,1295814965,lilaclvnv,1788
11933986,1773312080,kelancarson,599
11933986,424961793,jamesmbrock,46
11933986,72527953371,d.alinco,2
11933986,6990099024,jarl_monty_salomon,1940
11933986,1582936561,liza_soto76,42
659532,44586273879,umarmakwal_,40
659532,71701233945,busk_algorand,32
659532,49882814385,aliyaintech,34
659532,71844944954,getpicscaler,6
659532,58464701119,mattisbrat,15
659532,1384462665,moreshwar_pidadi,66
659532,71786814760,phuonganh20242025,41
659532,4512524072,ramezshawky20,42
659532,59587738178,7alkiumi,102
659532,321537678,donurry,209
659532,308469436,manderson.sh,63
659532,607293113,_prratek,72
659532,733016202,apagey_,14
659532,357881069,m.dierker,224
659532,50582751631,sanaullah.sn,32
659532,33139979432,running_sands,0
659532,19224226,cubafornian,52
659532,69582253643,savita_kumari_19,538
659532,47170694563,delmonacoishere,227
659532,3336558,coughlanmp,367
659532,3207055470,rashi_shrivastava98,179
659532,27815374,idea_of_order,15
659532,323138082,mayurcb,94
659532,62134517695,yoann.eth,374
659532,7212810,nickpestell,261
5508454616,64619263668,millerhmccaffrey,0
5508454616,71708214529,charliet7100,0
5508454616,47868339720,k.a.d.e.o,12
5508454616,59115098271,jose_ignaciot11,10
5508454616,62435749002,jace.jennings56,11
5508454616,515362720,snethen55,10
5508454616,61766070758,clydesmith805,0
5508454616,71953992159,peeleveronica,3
5508454616,71599494236,liveyourlifeacademy,0
5508454616,49929488976,granny_suzee,16
5508454616,63872794483,breadybluu,0
5508454616,49434658,jmhoehn,1
5508454616,71796770385,clout.strife,17
5508454616,68745742312,treese_82,0
5508454616,7217834943,m1keyyy0,0
5508454616,55440279349,synialuv,48
5508454616,67501891113,vi.gonwioz,2
5508454616,13753483865,austinmatt88,18
5508454616,71285227501,rozaywinning91,1
5508454616,10041042,jchiz24,24
5508454616,56479518826,etg120,0
5508454616,5485942285,n1cko_m0de,1
5508454616,9183961384,hutch1265,49
5508454616,372499965,mltaylor13pt1,444
5508454616,60484144336,lyingassniggaemond,0
5508454616,62882679667,overbyantonio,5
5508454616,57543669595,mike123456789123333,0
5508454616,57287912458,alciabattari,2
5508454616,70993077559,arthurclark8773,0
5508454616,56675938092,gabesmith2007,21
5508454616,66310198105,son.of.joan,0
5508454616,51621555,y0urs_truly__,40
5508454616,46405468844,feliynz,17
5508454616,69418333705,tbinthepark,1
5508454616,1279932058,joshsiagha,21
5508454616,255960106,nick.pantelis,0
5508454616,4242137,victoe2.0,89
5508454616,214289331,kevinrichardsonsports,128
5508454616,56979022941,zacharymumford,1
5508454616,240822766,47_eskimos,291
5508454616,1989163851,wayneo0404,8
5508454616,43103267319,adamrayrocks,58
5508454616,225042726,edwins81,34
5508454616,69846371214,storyboiiz,0
5508454616,60296193395,terrencegay22,2
5508454616,8952670017,arthurmanzke,23
5508454616,57327968021,lknvrb4,32
5508454616,319360664,marcusasharpe,0
5508454616,64178633554,isaac_redagave,62
2967237,63730290767,fir3andfl4me,256
2967237,55568698336,wickedbooksandtales,405
2967237,1929690875,auntieannon,88
2967237,72131763155,maryann_rhodxx,62
2967237,8324890416,despeluquiadodespampanante,102
2967237,67039506389,matadoraguante,118
2967237,63220074426,coffeeroxy48,427
2967237,2244237170,1drivingfool,78
2967237,483226408,stephenk900,910
2967237,2143074678,rjcqualls,56
2967237,70827565683,porkchop4792,27
2967237,4705104,denndonovan,80
2967237,37594535181,someones_dane,33
2967237,1589783697,invisiblevalue,52
2967237,34348043444,carla_dalfonso,213
2967237,1355486444,dawnekurtzmcn,67
2967237,178473074,be_smile_be,34
2967237,4648204783,snowman4077,3
2967237,37706525,joant723,475
2967237,1293133565,ceyki_kahverengi,28
2967237,68319967415,chroniclink,0
2967237,1587981611,deliabishop214,407
2967237,32683821985,krisbabe473,54
2967237,63132495748,toronto.lahori,15
2967237,183797866,j9nealon,39
2967237,1055174331,danny_nj1,93
2967237,2128529088,torvdog,109
2967237,1637130195,jcutruzzula,34
2967237,1754911121,ivanwhitaker,302
2967237,2121925842,renalafrance,376
2967237,38886199,johnberrodin,57
2967237,54913388742,shyamushyamup,210
2967237,72299589232,deputyeditor2025,0
2967237,2211484781,mexican_stir_fry,63
2967237,6285135563,deboraallanbailey,213
2967237,1215021893,karlasastaunik,39
2967237,1938334324,a_tatted_up_glammother,130
2967237,8095699,authalic,192
2967237,1619948474,mamadieter,338
2967237,7442049466,sushibookcat,32
2967237,57245062586,organiclowbudget,8
2967237,201922515,colour_baked,54
2967237,23599509129,a_naika_,72
2967237,343227921,northofbeige,188
2967237,729323178,lisaclamens,132
2967237,1432153751,sgwaldo,42
2967237,35828294,make_it_with_krissie,53
2967237,72309328681,vivid_monarchs_,1
314216,3289757203,umorie39,9
314216,59880322581,koizawa_life,552
314216,57485176978,kvidosolc,4
314216,66788899513,hassanisah217,0
314216,6820949290,adilia.96,43
314216,47578975592,junaalbchry,1
314216,36069077828,wtf.athix99,8
314216,70457262740,fyc_reparacion,1
314216,1539768639,julia_rishchuk,12
314216,58340543607,sleepyjesus76,9
314216,48499010632,adil_arman48,32
314216,32408322251,hania.molina,64
314216,72274788823,elhankhan78,74
314216,61063208511,nerrmine_haddar,37
314216,59967227652,eses_tgrc,17
314216,50217676074,thatnerdtom,7
314216,67016924847,sb.skywalker,1
314216,71940520728,mason.carstensen,0
314216,60826230289,marl_ene1717,14
314216,57519510829,lm_caduu,0
314216,71373507694,enzo11633,0
314216,64338085181,yousefmagdypro,5
314216,58032665536,alditadam23,9
314216,72120146502,zagadat1462,0
314216,47102387993,naathan_j_thoppil,360
314216,54625427634,rocketsinghworld,0
314216,71395779402,kendalspesial,0
314216,52275549309,seendahshep,28
314216,45030058675,byron_mccardle,10
314216,69579338343,iqra_asghar11,4
314216,1918369144,mawjdgus,44
314216,71573584172,sabbir_mohammad_moktadir_,0
314216,7400017205,suraj_choudhary_74,24
314216,5860285349,sahir_1st,11
314216,71972081722,de_von7990,0
314216,70154615755,shah_jeee19,0
314216,1493620269,tanja.jovan,16
314216,72295007990,mahara8193,0
314216,1509275021,ashfak_razzaq,24
314216,72097871244,zacoreionshirese,1
314216,72102683397,luiscabizza76,1
314216,44783994014,mehedi_chowdhury,5
314216,231441963,mark_michailin,56
314216,71703405137,bsmcss,0
314216,4862401502,staton.shirley,26
314216,72299837318,tarrygordez25,0
314216,72102127592,jesusphaid419,0
314216,69496143017,mohammaddanish143,17
314216,72504925452,alexyelloo,2
47714657868,72063769483,uucandyttt,3
47714657868,67496741218,itzher.world_,8
47714657868,54439633938,alias___dude,1
47714657868,61393028238,1lulaktivewopp._,29
47714657868,48968399146,big_baby_love_taken_,22
47714657868,70424918886,theycj_,1
47714657868,66999866896,iz1kk,7
47714657868,69688985529,_1luldreee,13
47714657868,71676705804,annb96737,1
47714657868,70465324304,extraordinary_reeree,0
47714657868,63949356378,somejuicyish,7
47714657868,44228070483,thecrystillate,14
47714657868,67688674212,paidnfullalias,3
47714657868,68253350186,da__kid__dolo,112
47714657868,50850849376,notfedereal,40
47714657868,9661513260,dclady12,25
47714657868,6617312165,michael_backstrom,20
47714657868,66496537120,ninether_,0
47714657868,64262648810,big_slimedre,40
47714657868,66494720234,mirfan001m,2
47714657868,217959160,jmorton0709,61
47714657868,6697886154,nookwavy,38
47714657868,53357167,coach_cmj,317
47714657868,184649255,reesekianethequeen,398
47714657868,68668149023,salamamirabdul,45
47714657868,72330752487,_therealojohnson_,0
47714657868,68720406087,smoke_8600,0
47714657868,36770805419,family7ov3_,28
47714657868,59921705794,diamondshinedetailing10,1
47714657868,7982928274,chixnshades,26
47714657868,7702920436,shorty_b89,80
47714657868,46009064702,jalaxjala2.0,33
47714657868,70738604894,mskathy57,1
47714657868,67050656930,itsdaonehim,64
47714657868,66273177176,jayghost392,5
47714657868,53934956380,kalelmanofsteel144,23
47714657868,69758492208,xx_mase_x,48
47714657868,1744170011,misstulue,5
47714657868,1420971754,itsonlyangela1,28
47714657868,250713267,itssschico,202
47714657868,6820302012,johnasvestasjr,28
47714657868,12632020770,7j_o_n7,51
47714657868,206468237,justmeshakey,335
47714657868,61449482791,odell.dade40,6
47714657868,68713817885,mrnista68,7
47714657868,4176134400,coach_thomas122,18
47714657868,71607470618,wopdawg57,4
47714657868,65583934330,riskyy_bizness,8
25025320,71615860297,addieee.521,1
25025320,72173472127,nev.edaaaaaa,1
25025320,71893778190,megg.juu,0
25025320,62433339607,iria_1_,0
25025320,59232935515,linda._.sevcikova,18
25025320,70389299916,heloisa_look,1
25025320,71550710859,foodchronics,6
25025320,58329065555,besicrade917,7
25025320,71253712658,t.grayson_author,117
25025320,45288007529,wiwie_kiwi,0
25025320,245157147,tobykoolen,0
25025320,68286344749,charltin_dednam,1
25025320,59797746283,anele_zikhona_nkala,313
25025320,69431781473,alzamora4229,0
25025320,64944936274,ryan_mlohrer40,66
25025320,72515276258,tania201213,0
25025320,72161353274,urstrulyzuhan,0
25025320,71680839332,genyornisstore,0
25025320,65663967275,ni1shi,1
25025320,70535980129,ayaaaa__te,0
25025320,10911266568,omar.cid.7891,13
25025320,72116469023,avieandj_kids_boutique,0
25025320,47363667890,artxh_cruz,54
25025320,71975008703,drpepperrptag,0
25025320,3119283458,stan_mathurin,94
25025320,67799601218,xt.resolve,4
25025320,69781587011,zarnab7440,2
25025320,58733486945,umme__shanaya_khan,15
25025320,69535193793,eliamrabanal7,0
25025320,44213129093,si_babita_shaw,28
25025320,65907219625,emiix.xy,1
25025320,68173485921,cedillo.miley,2
25025320,68055064014,rahafsaleh171,1
25025320,48245808051,rrrttall,4
25025320,5732903962,lopezdebautista,18
25025320,61626129941,realbraydenvuong,237
25025320,58504427219,khagendranayak420,13
25025320,10241645275,madjineyo,0
25025320,63504891249,rsv6178,1
25025320,69454009473,20.249839,45
25025320,30722607626,skriti2430,19
25025320,72131772352,gangtok848,0
25025320,58580018400,jiyaa_3364,9
25025320,50065029189,_johnnnnnmarkx,4
25025320,67663561362,azharislam9325,2
25025320,71627282120,photerest__,9
25025320,71244690240,vishalnimbamore,0
18925047,71932767984,d3nay__,10
18925047,72269977539,whoisronda,72
18925047,71772576734,rhinno.732766,1278
18925047,62679191862,divinely_beautiful777,351
18925047,67484142061,godcreatedkeyaine,778
18925047,49031275422,saweetyaz,372
18925047,50225412004,monafriend7,506
18925047,72244166429,rainbowsunshineinfl,60
18925047,62407253117,mendi44.tm,988
18925047,3225264730,theoriginal_matty_b,492
18925047,71324763806,manifesting_abundance2day,628
18925047,62044007405,__omgjuicey,134
18925047,69729683646,lennon_fitzgerald,109
18925047,72135904173,the_antiquegeek,220
18925047,38001596993,montgomerysiopao,501
18925047,3745960183,akay.official.21,394
18925047,23222591443,fvckzarii,652
18925047,71321581482,miaathompson06,661
18925047,62205565884,manifesto_pfs,1555
18925047,71462403895,magnificentessence,171
18925047,69670499269,skylinestudiosphoto,98
18925047,66858071491,chaos.hz,1708
18925047,47827317866,shiftpulsemarketers,380
18925047,72169457012,maisdoherty,66
18925047,2073547078,willyangelesrodriguez,100
18925047,71896509083,glam_goddessgirl,175
18925047,68660925252,blissful.lynn,276
18925047,65041624783,elsahairs,1269
18925047,66989467159,zyk.xo,20
18925047,71371613958,2sassysistersshop,2
18925047,181679507,ngeter2,1369
18925047,50650391162,youngsmug_jigs,48
18925047,71941210369,herdailydecadent,234
18925047,66786965575,zaidehsann,2207
18925047,65843062022,oneluckyray,35
18925047,68776802524,yesu_dollar,278
18925047,70450512718,cchristina_jj,6
18925047,7508350525,samanthas_.world,762
18925047,61409112891,calebnpqa_,40
18925047,69873967621,heymommaapple_40,266
18925047,57431634469,xcharlottex89,49
18925047,71959690412,a_forestnymph,17
18925047,23224398484,c.quint06,216
18925047,71476799817,quinnyqd02,93
18925047,69775931699,fun_laugh_posts,542
18925047,54004962374,breezyacres61,101
18925047,69734315353,euninreallife,284
18925047,71651137698,dreamtimesparkles,3
18925047,57883027116,abi_gel04,11
18925047,72071223572,bae_adesoul,29
18925047,70775311296,danaethelovergirl_,1123
18925047,71428771756,shygirl.designs,147
18925047,71774736053,claymoon1970,34
18925047,45488236738,tvnishx.shep,301
18925047,1812446835,isabelortizz___,93
18925047,21688188942,nailsbykelexus,122
18925047,2946782751,bruubrtl,1608
18925047,11830708817,kimmcgeethewanderer,349
18925047,2016516957,amiphistae,78
18925047,298552484,rustybones0520,54
18925047,72113939411,oklahomamoneybarbie,1051
18925047,3436961498,nonchalantnanaa,371
18925047,62202312388,mandie_is_tired,363
18925047,47490607875,him_stay_so_hi,2060
18925047,70187202273,mrs._bolton2025,57
18925047,71186713300,_jahkalahjwood,963
18925047,36817025607,klawedbytyy,1054
18925047,70950787440,motivation_stationn,914
18925047,61368450053,firehound187,174
18925047,64128731825,hoy_original___ganga,49
18925047,536859273,angie__dee,517
18925047,68131258438,ami60773,134
18925047,57546345116,marcocustodiotendencia,1011
18925047,64566096351,amyys2022,82
18925047,46926771238,flexxgotto,64
7949118523,71236464497,lusus_naturae_29,1
7949118523,56731844833,alxinx.23,0
7949118523,52330902506,chelle_znn,0
7949118523,70086286803,phoen.ixx7,223
7949118523,7786956552,_creationmukherjee_,7
7949118523,69069714709,porcelain_glimmer,12
7949118523,30878242196,nin.mils,7
7949118523,51183770535,ouu_saro,21
7949118523,66350924360,aryaranjan_,3
7949118523,68539864103,triomariveles,2
7949118523,3774275665,sakshhii25,1447
7949118523,185052345,dave_thedon,254
7949118523,5659553005,andy.au.v,3
7949118523,45383450552,cheyzenka,27
7949118523,62493688289,victoriasnores,1
7949118523,20102398,xissejx,87
7949118523,510559847,rahulviswanathan_,103
7949118523,53537722919,_oyetripathi_,0
7949118523,3149776359,milind.s329,0
7949118523,57377471765,insta_katze_sascha,4
7949118523,4704465130,bummertype,81
7949118523,9529687372,lodosway,0
7949118523,69653221838,a6691226,0
7949118523,29546717677,slaythemjae__,29
7949118523,5993186605,mahf_x,0
55098193317,62596682649,stacey.lynn126,104
55098193317,58301629970,burn720designs,4
55098193317,27273732,concillas,62
55098193317,258850290,pacaunt,100
55098193317,536533615,welcome_to_andieland,59
55098193317,231524800,melinda.camilla,26
55098193317,144277460,christinacox_casting,55
55098193317,2268823690,eliorsterling,404
55098193317,246983959,gigemags98,825
55098193317,50832210259,dadzilla_father_of_monsters,190
55098193317,367784604,justcody7z,405
55098193317,4282997863,ashclarin,34
55098193317,15607636,simplysarah113,113
55098193317,44475354545,gregalfredo_,264
55098193317,1587981611,deliabishop214,407
55098193317,5549168690,loewenjill,990
55098193317,1399408505,lisamtoy,102
55098193317,143608125,shonnabug,67
55098193317,5515978993,pattlippstrayer,15
55098193317,44390269,effiemcb,65
55098193317,11166093367,seury2019,36
55098193317,1694753282,kerrietyndall,80
55098193317,1584126887,pjbeaulac,81
55098193317,8591989,shannen777,40
55098193317,30222861,neruda1952,142
55098193317,1616966665,diverpam,2232
55098193317,2694208159,pcd1950,157
55098193317,1480844,carlyq80,62
55098193317,33860218,macjulia,56
55098193317,189957366,pinyonpictures,128
55098193317,11641914726,lisalovelylife66,49
55098193317,1630435586,darkmistresskush,86
55098193317,50316212461,elisaisayarnaddict,177
55098193317,3245453743,ravengosney,334
55098193317,16924387143,heavyditt,339
55098193317,44566271222,cassandra.crawley.92,34
55098193317,3984481943,amree61,44
55098193317,72527953371,d.alinco,2
55098193317,52552413,lanybug75,160
55098193317,215135048,nj_mira,34
55098193317,50603620,mrs_hedtke,25
55098193317,16818414436,sola.veritate.mea,336
55098193317,11344047012,cannotpleaseall,569
55098193317,5750586325,tennesseetaylors,140
55098193317,2208120147,originaldogmom,34
55098193317,2618231,mandyrexina,228
55098193317,407690551,marthabmarshall,1938
55098193317,5901069694,debgal6955,45
55098193317,237554525,sandydirks,177
55098193317,463355207,sugahteets,22
55098193317,31542786,wanderingthruthecosmos,41
55098193317,772598219,gabbroguy,41
55098193317,243123613,jnphilli26,43
55098193317,3930960181,stephensmaryann,1
55098193317,9713685025,infantajo,67
55098193317,2309779405,sallyncindy,26
55098193317,219958659,reighneydayz,40
55098193317,276923781,kaylieasf,59
55098193317,8978108,icadamanda,38
55098193317,1930573111,bizzimomma2,349
55098193317,1543358127,jaystrandberg,213
55098193317,52152752194,ehil4988,30
55098193317,41712155,tinkerbettie,97
55098193317,2957188096,kathrynbouey,63
55098193317,27643327,celizabeth79,68
55098193317,189439741,carol_snow,76
55098193317,28044265,taxmary,55
55098193317,208394753,lessthanzero72,208
55098193317,12111591662,joallisonh,603
55098193317,518083454,tmcp2001,60
55098193317,12436733,danimurph22,112
55098193317,1058253939,kimberlypoteete,2
55098193317,271354368,mgirl30,42
55098193317,4688463,rkupke,15
55098193317,23520684,mallorieburczyk,139
55098193317,28334637357,kayleesi_g,156
55098193317,53467661077,cherylannillustrator,142
55098193317,250477792,janesusanhammer,39
55098193317,8039663693,thekissingproject,42
55098193317,27978201,mrentropy88,250
55098193317,341550286,karenw328,58
55098193317,42951957,jenlaparch,6
55098193317,2287481718,bsfngso,221
55098193317,2212571165,dan_j_conn,1004
55098193317,1429524302,connie.carroll,69
55098193317,2001054454,clovespanda,437
55098193317,4567030700,dianelochner,37
55098193317,10100944139,afpfeifer73,0
55098193317,2090737902,lrbrlt,64
55098193317,3919362237,kl_rig,96
55098193317,464493469,whatlaurensees,154
55098193317,7513725,sie.macht.bilder,18
55098193317,1200616021,ehkoskela,170
55098193317,5612217195,amy.lopez.3910,39
55098193317,319407979,peaceandpretty,431
55098193317,264639156,havemercy68,50
55098193317,11672361316,saia.alicia,31
55098193317,53243022782,lyhimages,47
55098193317,7697188826,dkgannaway52,569
55098193317,14411991010,minardi_317,31
55098193317,1428968108,ali.sba.scruz,41
55098193317,3261508939,lettaneely,249
55098193317,4252319451,completemonsterbob,1960
55098193317,69620020909,blackm_rxistautistic,414
55098193317,1628474200,billrooks,21
55098193317,12385945,mileebee,26
55098193317,34197842403,fishermarn,31
55098193317,1970037386,_iowacaptive,80
55098193317,9506631,redhead1341,54
55098193317,6620846256,priscillabjorn,102
55098193317,2197983123,connier1936,309
55098193317,1535997022,faeoutwest,38
55098193317,367455345,sitribou,0
55098193317,6481671087,choose.integrity,159
55098193317,71711581390,azbuckeyefrank,4
55098193317,41796158,heatherab87,29
55098193317,1430804591,anita.wilson.122,202
55098193317,65042602714,danielmakesandtakesimages,11
55098193317,267442666,_vale02,48
55098193317,1557285560,julie_glass_,125
55098193317,1915096370,dgetreuer,47
55098193317,5335185198,willy.beki,93
55098193317,3667862349,bill.neville,129
55098193317,11713703432,love_our_backyard,258
55098193317,185252551,redmeg1053,358
2219717530,69520202031,beehindthebook,23
2219717530,71500854370,lets.gossip2,43
2219717530,16807607710,stj.klain,139
2219717530,67527459506,alexzandervoegtlin,369
2219717530,68422628967,mot4.ananda,0
2219717530,1476194304,reillythebookreader,125
2219717530,60046948973,ashisass1234,20
2219717530,66811204851,diylegalpro,153
2219717530,69873967621,heymommaapple_40,266
2219717530,67979050658,bookish_batgirl,36
2219717530,6879109427,kjzwrites,153
2219717530,65693540268,laurenwheelerbooks,285
2219717530,323200226,dad.of.dragons,1348
2219717530,58014512731,kxxji_i,0
2219717530,648214601,_teabi.reads,43
2219717530,7906338654,unseemlyyou,44
2219717530,68997887309,authorfrankiejames,124
2219717530,65043690446,hannahwebberreads,112
2219717530,71294343305,tay.and.books,490
2219717530,33225250110,danviiieee,130
2219717530,30398802919,flutymaesugarplum,1027
2219717530,19273321429,cmoebrown87,131
2219717530,1790637365,stikk.mori,45
2219717530,71410141432,readsmyshteriously,28
2219717530,71542295139,jay.jay_reads,601
